{
    "PBR param": {
        "BaseColor": [
            0.09899992495775223,
            0.09899992495775223,
            0.09899992495775223,
            1.0
        ],
        "EmissionFactor": [
            0.0,
            0.0,
            0.0
        ],
        "MetallicFactor": 0.0,
        "RoughnessFactor": 0.3500000238418579,
        "AlphaMode": "OPAQUE"
    }
}